Method,MSPE_Base,MSPE_Perturbed,MSPE_Ratio_Perturbed_over_Base
CEM.W,12084.651655563808,26476.79176112882,2.1909437289356064
PSC,967081.5215971011,1146387.4089029054,1.1854092786404262
MAH,1080647.6482122901,1215051.4096753246,1.1243733437863654
EBAL,204145.72665035244,252352.64886014207,1.2361397566374501
