Method,ATT
Raw,886.303811171666
CEM,550.9625644120433
EBAL,872.8722327575106
