Method,ObservedATT
CEM.W,550.9625644120433
PSC,1022.608637055162
MAH,677.5408475856584
EBAL,872.8722327575106
